Equipment,Location,WaterLevels,WellData,WellScreens,'TWDB_AllCty_WQSites&ChemUsed$',abcwells,AllWQ_CrossTab_NDs_Working,AllWQ_CrossTab_NDs_Working_bak,AR_Distances,AssocDataPhotos,AssociatedData,BCWLs2019,Chemistry SampleInfo,DatatypeWPointid,FieldNotesScans,FieldParameters,GDB_ColumnInfo,GROUNDWATER_LEVELS,HydraulicsData,Location_backup,Location_backupNew,LocationProjectOwnerArchive,LocationsEB,LocationsPS,LocationsSB,LU_AllAnalytes,LU_AllAnalytesUnits,LU_AltitudeDatum,LU_AltitudeMethod,LU_AquiferClass,LU_AquiferType,LU_CollectionMethod,LU_ConstructionMethod,LU_ContributingUnit,LU_CoordinateAccuracy,LU_CoordinateDatum,LU_CoordinateMethod,LU_County,LU_CurrentUse,LU_DataQuality,LU_DataReliability,LU_DataSource,LU_DataType,LU_Depth/CompletionSource,LU_Discharge,LU_Discharge Units,LU_Discharge/ChemistrySource,LU_DischargeMethod,LU_EquipmentType,LU_FieldNoteTypes,LU_FieldParameter,LU_Formations,LU_FPUnits,LU_LevelStatus,LU_Lithology,LU_MajorAnalyte,LU_MajorUnits,LU_MeasurementMethod,LU_MeasuringAgency,LU_MinorTraceAnalyte,LU_MinorTraceUnits,LU_MonitoringStatus,LU_NMQuads,LU_PrimaryUseSite_USGS,LU_PrimaryUseWater_USGS,LU_RadioAnalyte,LU_RadioUnits,LU_SampleType,LU_SiteType,LU_Status,LU_Subsurface,LU_TimeDatum,MajorChemistry,MinorandTraceChemistry,NGWMN_Lithology,OwnerLink,OwnersData,PointIdTemp,ProjectLocations,Projects,Radionuclides,SaltBasinWLs,SelectedObjects,Selections,SITESWITHWATERLEVELS,SITEWATERLEVELS,Soil_Rock_Results,Stratigraphy,SurfaceWaterData,SurfaceWaterData_Corrupt_DataMissing,SurfaceWaterPhotos,sysdiagrams,Tbl_PublicReleaseSitesInfo,Tbl_PublicReleaseSitesInfo_ProjectNameIncluded,Tbl_TaosWLS,Tbl_TaosWSC,tblAudit,TblLoadPDF,Temp_forDTW_bgs,USGS_WLs_2018_ForSitesInDB,usgswls,view_SITEWATERLEVELS_Date,WaterLevels_archive,WaterLevels_bak,WaterLevelsContinuous_Acoustic,WaterLevelsContinuous_Acoustic_Daily,WaterLevelsContinuous_Pressure,WaterLevelsContinuous_Pressure_Daily,WaterLevelsContinuous_Pressure_Test,WeatherData,WeatherPhotos,WellPhotos,wlsbcw3
LocationId (N/A),DateCreated (yes),WellID (N/A),LocationId (N/A),WellID (N/A),ID (pending),PointID (pending),OBJECTID (pending),OBJECTID (pending),ID (pending),AssocID (pending),LocationId (pending),ID (pending),SamplePtID (pending),LocationId (pending),LocationId (pending),SamplePtID (pending),TableName (pending),OBJECTID (pending),WellID (pending),LocationId (pending),LocationId (pending),LocationId (pending),LocationId (pending),LocationId (pending),LocationId (pending),CODE (pending),CODE (pending),CODE (pending),CODE (pending),CODE (pending),CODE (pending),CODE (pending),CODE (pending),CODE (pending),CODE (pending),DATUMCODE (pending),CODE (pending),COUNTY (pending),CODE (pending),CODE (pending),CODE (pending),CODE (pending),CODE (pending),CODE (pending),Discharge (pending),UNITS (pending),CODE (pending),CODE (pending),MEANING (pending),NoteType_id (pending),CODE (pending),Code (pending),CODE (pending),CODE (pending),TERM (pending),CODE (pending),CODE (pending),CODE (pending),Agency (pending),CODE (pending),CODE (pending),CODE (pending),QuadName (pending),CODE (pending),CODE (pending),CODE (pending),CODE (pending),CODE (pending),CODE (pending),CODE (pending),CODE (pending),MEANING (pending),SamplePtID (pending),SamplePtID (pending),PointID (pending),LocationId (pending),OwnerKey (pending),PointID (pending),LocationId (pending),Project (pending),SamplePtID (pending),ID (pending),SelectionID (pending),SelectionID (pending),PointID (pending),PointID (pending),Point_ID (pending),WellID (pending),LocationId (pending),LocationId (pending),SurfaceID (pending),name (pending),ObjectID (pending),ObjectID (pending),LocationId (pending),LocationId (pending),strguid (pending),OleID (pending),PointID (pending),PointID (pending),ID (pending),PointID (pending),WellID (pending),WellID (pending),GlobalID (pending),GlobalID (pending),GlobalID (pending),GlobalID (pending),GlobalID (pending),LocationId (pending),WeatherID (pending),WellID (pending),ID (pending)
PointID (N/A),PointID (yes),PointID (N/A),OBJECTID (N/A),PointID (N/A),AlternateSiteID (pending),HoleDepth (pending),SamplePtID (pending),SamplePtID (pending),RiverDistance (pending),PointID (pending),PointID (pending),MeasureMethod (pending),WCLab_ID (pending),PointID (pending),PointID (pending),SamplePointID (pending),FieldName (pending),PointID (pending),PointID (pending),DateCreated (pending),DateCreated (pending),PointID (pending),DateCreated (pending),DateCreated (pending),DateCreated (pending),MEANING (pending),MEANING (pending),id (pending),MEANING (pending),MEANING (pending),MEANING (pending),MEANING (pending),MEANING (pending),MEANING (pending),MEANING (pending),id (pending),MEANING (pending),id (pending),MEANING (pending),MEANING (pending),MEANING (pending),MEANING (pending),MEANING (pending),MEANING (pending),id (pending),id (pending),MEANING (pending),MEANING (pending),id (pending),FieldNoteType (pending),MEANING (pending),Meaning (pending),MEANING (pending),MEANING (pending),ABBREVIATION (pending),MEANING (pending),MEANING (pending),MEANING (pending),Description (pending),MEANING (pending),MEANING (pending),MEANING (pending),id (pending),MEANING (pending),MEANING (pending),MEANING (pending),MEANING (pending),MEANING (pending),MEANING (pending),MEANING (pending),MEANING (pending),id (pending),SamplePointID (pending),SamplePointID (pending),Lithology (pending),OwnerKey (pending),Company (pending),WDBID (pending),PointID (pending),PointIDPrefix (pending),SamplePointID (pending),PointID (pending),ObjectID (pending),TargetName (pending),SiteID (pending),DateMeasued (pending),Sample Type (pending),PointID (pending),SurfaceID (pending),SurfaceID (pending),PointID (pending),principal_id (pending),PointID (pending),PointID (pending),PointID (pending),PointID (pending),Objectid2 (pending),WellPdf (pending),DateMeasured (pending),USGS_Site_ID (pending),agency (pending),DateMeasued (pending),PointID (pending),PointID (pending),OBJECTID (pending),OBJECTID (pending),OBJECTID (pending),OBJECTID (pending),OBJECTID (pending),PointID (pending),PointID (pending),PointID (pending),MeasureMethod (pending)
EquipmentType (no),SiteNames (yes),OBJECTID (N/A),PointID (N/A),counter (N/A),Date (pending),WellDepth (pending),PointID (pending),PointID (pending),COBorderDistance (pending),OLEPath (pending),AssocID (pending),Well IDKey (pending),SamplePointID (pending),DataType (pending),NoteType_id (pending),FieldParameter (pending),columnFlags (pending),DataReliability (pending),HydraulicUnit (pending),PointID (pending),PointID (pending),ProjectName (pending),PointID (pending),PointID (pending),PointID (pending),id (pending),id (pending),,id (pending),id (pending),id (pending),id (pending),id (pending),id (pending),id (pending),,id (pending),,id (pending),id (pending),id (pending),id (pending),id (pending),id (pending),,,id (pending),id (pending),,,id (pending),id (pending),id (pending),id (pending),id (pending),id (pending),id (pending),id (pending),id (pending),id (pending),id (pending),id (pending),,id (pending),id (pending),id (pending),id (pending),id (pending),id (pending),id (pending),id (pending),,Analyte (pending),Analyte (pending),TERM (pending),OBJECTID (pending),LastName (pending),LocationId (pending),ProjectName (pending),,Analyte (pending),DateMeasured (pending),,,Expr1 (pending),DepthToWaterBGS (pending),Date Sampled (pending),StratTop (pending),PointID (pending),PointID (pending),OLEPath (pending),diagram_id (pending),SiteID (pending),SiteID (pending),Easting (pending),Easting (pending),FieldChanged (pending),WellOLE (pending),DepthToWater (pending),Formatted_WL_Date (pending),usgsno (pending),DepthToWaterBGS (pending),OBJECTID (pending),OBJECTID (pending),WellID (pending),WellID (pending),WellID (pending),WellID (pending),WellID (pending),WeatherID (pending),OLEPath (pending),OLEPath (pending),Well IDKey (pending)
DateInstalled (yes),SiteID (yes),DepthToWater (yes),OSEWellID (yes),ScreenTop (yes),CollectionNotes (pending),,SiteNames (pending),SiteNames (pending),LocationID (pending),OBJECTID (pending),Notes (pending),Well Name (pending),AnalysesAgency (pending),,OLEPath (pending),SampleValue (pending),,Easting (pending),TestTop (pending),SiteNames (pending),SiteNames (pending),OwnerKey (pending),SiteNames (pending),SiteNames (pending),SiteNames (pending),,,,,,,,,,,,,,,SHORT_MEANING (pending),,,,,,,,,,,,,,WebDataEntryVisible (pending),,,,WebDataEntryVisible (pending),,,,,,,,,,,,,,,Symbol (pending),Symbol (pending),StratSource (pending),GlobalID (pending),FirstName (pending),,OBJECTID (pending),,Symbol (pending),DepthToWater (pending),,,DataReliability (pending),MeasurementMethod (pending),d13C (pending),StratBottom (pending),Discharge (pending),Discharge (pending),OBJECTID (pending),version (pending),Easting (pending),Easting (pending),Northing (pending),Northing (pending),FieldChangedFrom (pending),SurfaceWaterOLE (pending),DepthToWaterBGS (pending),WL_Time (pending),date (pending),MeasurementMethod (pending),DateMeasured_old (pending),DepthToWater (pending),PointID (pending),PointID (pending),PointID (pending),PointID (pending),PointID (pending),OBJECTID (pending),OBJECTID (pending),OBJECTID (pending),Well Name (pending)
DateRemoved (yes),AlternateSiteID (yes),DepthToWaterBGS (N/A),OSEWelltagID (yes),ScreenBottom (yes),SampleNumber (pending),,Easting (pending),Easting (pending),SSMA_TimeStamp (pending),GlobalID (pending),Formation (pending),Status (pending),StudySample (pending),,OBJECTID (pending),Units (pending),,Northing (pending),TestBottom (pending),SiteID (pending),SiteID (pending),,SiteID (pending),SiteID (pending),SiteID (pending),,,,,,,,,,,,,,,WebDataEntryVisible (pending),,,,,,,,,,,,,,,,,,,,,,,,,,,,,,,,,SampleValue (pending),SampleValue (pending),StratTop (pending),,Phone (pending),,GlobalID (pending),,SampleValue (pending),LevelStatus (pending),,,Easting (pending),LevelStatus (pending),d18O (pending),UnitIdentifier (pending),DischargeMethod (pending),DischargeMethod (pending),GlobalID (pending),definition (pending),Northing (pending),Northing (pending),UTMDatum (pending),UTMDatum (pending),FieldChangedTo (pending),WeatherOLE (pending),SSMA_TimeStamp (pending),WL_Time_Datum (pending),WL (pending),LevelStatus (pending),DepthToWater (pending),DepthToWaterBGS (pending),DateMeasured (pending),DateMeasured (pending),DateMeasured (pending),DateMeasured (pending),DateMeasured (pending),,GlobalID (pending),GlobalID (pending),Status (pending)
SerialNo (yes),AlternateSiteID2 (yes),LevelStatus (yes),HoleDepth (yes),OBJECTID (N/A),ParameterDescription (pending),,Northing (pending),Northing (pending),DitchDistance (pending),,OBJECTID (pending),MeasureDate (pending),DataQuality (pending),,GlobalID (pending),Notes (pending),,Altitude (pending),HydraulicUnitType (pending),AlternateSiteID (pending),AlternateSiteID (pending),,AlternateSiteID (pending),AlternateSiteID (pending),AlternateSiteID (pending),,,,,,,,,,,,,,,,,,,,,,,,,,,,,,,,,,,,,,,,,,,,,,,,Units (pending),Units (pending),StratBottom (pending),,CellPhone (pending),,,,Units (pending),MeasurementMethod (pending),,,Northing (pending),DataSource (pending),Sampled by (pending),Lithology (pending),DischargeRate (pending),DischargeRate (pending),,,Altitude (pending),Altitude (pending),Altitude (pending),Altitude (pending),User (pending),AssociatedOLD (pending),,Time_Datum_Reliability (pending),PointID (pending),DataSource (pending),DepthToWaterBGS (pending),LevelStatus (pending),TemperatureAir (pending),TemperatureAir (pending),TemperatureWater (pending),TemperatureWater (pending),TemperatureWater (pending),,,,MeasureDate (pending)
Model (yes),SiteDate (yes),DataQuality (no),WellDepth (yes),GlobalID (no),ParameterFlag (pending),,DataReliability (pending),DataReliability (pending),PointID (pending),,,BTW_bgs (pending),SampleType (pending),,,OBJECTID (pending),,HoleDepth (pending),Hydraulic Remarks (pending),SiteDate (pending),SiteDate (pending),,SiteDate (pending),SiteDate (pending),SiteDate (pending),,,,,,,,,,,,,,,,,,,,,,,,,,,,,,,,,,,,,,,,,,,,,,,,Uncertainty (pending),Uncertainty (pending),,,Email (pending),,,,Uncertainty (pending),DataSource (pending),,,Altitude (pending),MeasuringAgency (pending),SSMA_TimeStamp (pending),LithologicModifier (pending),DischargeUnits (pending),DischargeUnits (pending),,,OSEWellID (pending),OSEWellID (pending),County (pending),County (pending),DateOfHit (pending),,,Added_day_to_WL_date (pending),,MeasuringAgency (pending),LevelStatus (pending),DataQuality (pending),DepthToWaterBGS (pending),DepthToWaterBGS (pending),WaterHead (pending),WaterHead (pending),WaterHead (pending),,,,BTW_bgs (pending)
HangingCableLength (no),DataReliability (no),MPHeight (yes),DepthSource (no),WDBID (pending),ParameterValue (pending),,SamplePointID (pending),SamplePointID (pending),,,,PointID (pending),CollectionDate (pending),,,GlobalID (pending),,WellDepth (pending),T (ft2/d) (pending),DataReliability (pending),DataReliability (pending),,DataReliability (pending),DataReliability (pending),DataReliability (pending),,,,,,,,,,,,,,,,,,,,,,,,,,,,,,,,,,,,,,,,,,,,,,,,AnalysisMethod (pending),AnalysisMethod (pending),,,MailingAddress (pending),,,,AnalysisMethod (pending),,,,HoleDepth (pending),,,ContributingUnit (pending),DateMeasured (pending),DateMeasured (pending),,,HoleDepth (pending),HoleDepth (pending),State (pending),State (pending),Form (pending),,,Added_month_day_to_WL_date (pending),,,DataQuality (pending),MPHeight (pending),MeasurementMethod (pending),MeasurementMethod (pending),WaterHeadAdjusted (pending),WaterHeadAdjusted (pending),WaterHeadAdjusted (pending),,,,PointID (pending)
HangingPointDescription (no),Confidential (yes? (see Note column)),MeasurementMethod (yes),CompletionDate (no),ScreenDescription (pending),ParameterUnit (pending),,StudySample (pending),StudySample (pending),,,,Source (pending),CollectionMethod (pending),,,AnalysesAgency (pending),,StaticWater (pending),S (dimensionless) (pending),Confidential (pending),Confidential (pending),,Confidential (pending),Confidential (pending),Confidential (pending),,,,,,,,,,,,,,,,,,,,,,,,,,,,,,,,,,,,,,,,,,,,,,,,AnalysisDate (pending),AnalysisDate (pending),,,MailCity (pending),,,,AnalysisDate (pending),,,,WellDepth (pending),,,StratSource (pending),DischargeSource (pending),DischargeSource (pending),,,WellDepth (pending),WellDepth (pending),PublicRelease (pending),PublicRelease (pending),glblguid (pending),,,WL__BGS_ (pending),,,MPHeight (pending),MeasurementMethod (pending),DataSource (pending),DataSource (pending),DepthToWaterBGS (pending),DepthToWaterBGS (pending),DepthToWaterBGS (pending),,,,
HangingPointHgt (no),SiteType (yes),MeasuredBy (no),CompletionSource (no),SSMA_TimeStamp (pending),CollectionRemarks (pending),,WaterType (pending),WaterType (pending),,,,Agency (pending),CollectedBy (pending),,,WCLab_ID (pending),,CasingDiameter (pending),Ss (ft-1) (pending),SiteType (pending),SiteType (pending),,SiteType (pending),SiteType (pending),SiteType (pending),,,,,,,,,,,,,,,,,,,,,,,,,,,,,,,,,,,,,,,,,,,,,,,,Notes (pending),Notes (pending),,,MailState (pending),,,,Notes (pending),,,,StaticWater (pending),,,StratNotes (pending),SiteNotes (pending),SiteNotes (pending),,,FormationZone (pending),FormationZone (pending),Expr1 (pending),Expr1 (pending),SSMA_TimeStamp (pending),,,WL__BMP_ (pending),,,MeasurementMethod (pending),MeasuredBy (pending),MeasuringAgency (pending),MeasuringAgency (pending),MeasurementMethod (pending),MeasurementMethod (pending),MeasurementMethod (pending),,,,
RecordingInterval (no),WL_Continuous (N/A),DataSource (no),MeasuringPoint (no),,Aquifer (pending),,SampleType (pending),SampleType (pending),,,,Notes (pending),WaterType (pending),,,SSMA_TimeStamp (pending),,FormationZone (pending),Sy (decimalfractn) (pending),WL_Continuous (pending),WL_Continuous (pending),,WL_Continuous (pending),WL_Continuous (pending),WL_Continuous (pending),,,,,,,,,,,,,,,,,,,,,,,,,,,,,,,,,,,,,,,,,,,,,,,,Volume (pending),Volume (pending),,,MailZipCode (pending),,,,Volume (pending),,,,CasingDiameter (pending),,,OBJECTID (pending),FieldMethodNotes (pending),FieldMethodNotes (pending),,,Geometry (pending),ProjectName (pending),WellID (pending),WellID (pending),,,,WL_Accy (pending),,,MeasuredBy (pending),DataSource (pending),Notes (pending),Notes (pending),DataSource (pending),DataSource (pending),DataSource (pending),,,,
Equipment Notes (yes),WL_Intermittent (N/A),MeasuringAgency (no),MPHeight (yes),,AquiferCode (pending),,Altitude (pending),Altitude (pending),,,,PR (pending),SampleNotes (pending),,,,,MinOfScreenTop (pending),KH (ft/d) (pending),WL_Intermittent (pending),WL_Intermittent (pending),,WL_Intermittent (pending),WL_Intermittent (pending),WL_Intermittent (pending),,,,,,,,,,,,,,,,,,,,,,,,,,,,,,,,,,,,,,,,,,,,,,,,VolumeUnit (pending),VolumeUnit (pending),,,PhysicalAddress (pending),,,,VolumeUnit (pending),,,,FormationZone (pending),,,GlobalID (pending),FormationZone (pending),FormationZone (pending),,,,MonitoringStatus (pending),Expr2 (pending),Expr2 (pending),,,,WL_Status (pending),,,DataSource (pending),MeasuringAgency (pending),SerialNo (pending),SerialNo (pending),MeasuringAgency (pending),MeasuringAgency (pending),MeasuringAgency (pending),,,,
NMTProperty (no),WaterQuality (N/A),SiteNotes (needs to be added),CasingDiameter (yes),,WellDepth (pending),,AquiferType (pending),AquiferType (pending),,,,MPhgt (pending),DataSource (pending),,,,,MaxOfScreenBottom (pending),KV (ft/d) (pending),WaterQuality (pending),WaterQuality (pending),,WaterQuality (pending),WaterQuality (pending),WaterQuality (pending),,,,,,,,,,,,,,,,,,,,,,,,,,,,,,,,,,,,,,,,,,,,,,,,OBJECTID (pending),OBJECTID (pending),,,PhysicalCity (pending),,,,OBJECTID (pending),,,,MinOfScreenTop (pending),,,,AqClass (pending),AqClass (pending),,,,Geometry (pending),OSEWellID (pending),OSEWellID (pending),,,,WL_Method (pending),,,MeasuringAgency (pending),SiteNotes (pending),PreProcessDataField (pending),PreProcessDataField (pending),QCed (pending),QCed (pending),QCed (pending),,,,
GlobalID (no),WaterFlow (N/A),LevelStatement (),CasingDepth (yes),,PlusMinus (pending),,AqClass (pending),AqClass (pending),,,,,SampleMaterialNotH2O (pending),,,,,DateMeasued (pending),HL (day-1) (pending),WaterFlow (pending),WaterFlow (pending),,WaterFlow (pending),WaterFlow (pending),WaterFlow (pending),,,,,,,,,,,,,,,,,,,,,,,,,,,,,,,,,,,,,,,,,,,,,,,,GlobalID (pending),GlobalID (pending),,,PhysicalState (pending),,,,GlobalID (pending),,,,MaxOfScreenBottom (pending),,,,SourceNotes (pending),SourceNotes (pending),,,,,HoleDepth (pending),HoleDepth (pending),,,,ID (pending),,,SiteNotes (pending),LevelStatement (pending),ServerReceiptDate (pending),ServerReceiptDate (pending),Notes (pending),Notes (pending),Notes (pending),,,,
WI_MinSoundDepth (no),Hydraulic (N/A),GlobalID (no),CasingDescription (yes),,LatitudeDD (pending),,WellDepth (pending),WellDepth (pending),,,,,OBJECTID (pending),,,,,DepthToWaterBGS (pending),HD (ft2/d) (pending),Hydraulic (pending),Hydraulic (pending),,Hydraulic (pending),Hydraulic (pending),Hydraulic (pending),,,,,,,,,,,,,,,,,,,,,,,,,,,,,,,,,,,,,,,,,,,,,,,,AnalysesAgency (pending),AnalysesAgency (pending),,,PhysicalZipCode (pending),,,,AnalysesAgency (pending),,,,MaxOfDateMeasured_WL (pending),,,,OBJECTID (pending),OBJECTID (pending),,,,,WellDepth (pending),WellDepth (pending),,,,,,,LevelStatement (pending),GlobalID (pending),WellntelReadingType (pending),WellntelReadingType (pending),Created (pending),Created (pending),Created (pending),,,,
WI_StartFrequency (no),Subsurface (N/A),SSMA_TimeStamp (N/A),DrillerName (no),,LongitudeDD (pending),,FormationZone (pending),FormationZone (pending),,,,,LocationId (pending),,,,,MeasurementMethod (pending),Cs (gal/d/ft) (pending),Subsurface (pending),Subsurface (pending),,Subsurface (pending),Subsurface (pending),Subsurface (pending),,,,,,,,,,,,,,,,,,,,,,,,,,,,,,,,,,,,,,,,,,,,,,,,WCLab_ID (pending),WCLab_ID (pending),,,SecondLastName (pending),,,,WCLab_ID (pending),,,,MaxOfDateMeasured_Acoustic (pending),,,,DataSource (pending),DataSource (pending),,,,,DepthSource (pending),DepthSource (pending),,,,,,,GlobalID (pending),SSMA_TimeStamp (pending),SensorHgtAboveMP (pending),SensorHgtAboveMP (pending),Updated (pending),Updated (pending),Updated (pending),,,,
WI_EndFrequency (no),WellorSpgNoData (N/A),PublicRelease (yes),ConstructionMethod (no),,EntityId (pending),,CollectionDate (pending),CollectionDate (pending),,,,,AddedDaytoDate (pending),,,,,LevelStatus (pending),P (decimal fraction) (pending),WellorSpgNoData (pending),WellorSpgNoData (pending),,WellorSpgNoData (pending),WellorSpgNoData (pending),WellorSpgNoData (pending),,,,,,,,,,,,,,,,,,,,,,,,,,,,,,,,,,,,,,,,,,,,,,,,SSMA_TimeStamp (pending),SSMA_TimeStamp (pending),,,SecondFirstName (pending),,,,SSMA_TimeStamp (pending),,,,MaxOfDateMeasured_Pressure (pending),,,,SSMA_TimeStamp (pending),SSMA_TimeStamp (pending),,,,,CompletionDate (pending),CompletionDate (pending),,,,,,,SSMA_TimeStamp (pending),PublicRelease (pending),SpeakerToMicLength (pending),SpeakerToMicLength (pending),ProcessedBy (pending),ProcessedBy (pending),,,,,
WI_Duration (no),SubsurfaceType (N/A),Geometry (N/A),ConstructionNotes (yes),,LabId (pending),,SiteType (pending),SiteType (pending),,,,,AddedMonthDaytoDate (pending),,,,,MeasuringAgency (pending),k (darcy) (pending),SubsurfaceType (pending),SubsurfaceType (pending),,SubsurfaceType (pending),SubsurfaceType (pending),SubsurfaceType (pending),,,,,,,,,,,,,,,,,,,,,,,,,,,,,,,,,,,,,,,,,,,,,,,,,,,,SecondCtctPhone (pending),,,,,,,,OBJECTID (pending),,,,,,,,,,CompletionSource (pending),CompletionSource (pending),,,,,,,PublicRelease (pending),Geometry (pending),PublicRelease (pending),PublicRelease (pending),CheckedBy (pending),CheckedBy (pending),,,,,
WI_Magnitude (no),Easting (N/A),DateMeasured (yes),AquiferType (no),,Time (pending),,CountOfSamplePointID (pending),CountOfSamplePointID (pending),,,,,SSMA_TimeStamp (pending),,,,,Shape (pending),Data Source (pending),Easting (pending),Easting (pending),,Easting (pending),Easting (pending),Easting (pending),,,,,,,,,,,,,,,,,,,,,,,,,,,,,,,,,,,,,,,,,,,,,,,,,,,,SecondCtctEmail (pending),,,,,,,,,,,,,,,,,,CasingDiameter (pending),CasingDiameter (pending),,,,,,,Geometry (pending),DateMeasured (pending),Created (pending),Created (pending),CONDDL (mS/cm) (pending),CONDDL (mS/cm) (pending),,,,,
WI_MicGain (no),Northing (N/A),TimeMeasured (yes),AqClass (no),,ReliabilityId (pending),,CollectedBy (pending),CollectedBy (pending),,,,,PublicRelease (pending),,,,,,OBJECTID (pending),Northing (pending),Northing (pending),,Northing (pending),Northing (pending),Northing (pending),,,,,,,,,,,,,,,,,,,,,,,,,,,,,,,,,,,,,,,,,,,,,,,,,,,,OwnerComment (pending),,,,,,,,,,,,,,,,,,CasingDepth (pending),CasingDepth (pending),,,,,,,DateMeasured (pending),TimeMeasured (pending),EventID (pending),EventID (pending),,,,,,,
ID (pending),UTMDatum (N/A),TimeDatum (yes),FormationZone (no),,ParameterCode (pending),,DataSource (pending),DataSource (pending),,,,,,,,,,,GlobalID (pending),UTMDatum (pending),UTMDatum (pending),,UTMDatum (pending),UTMDatum (pending),UTMDatum (pending),,,,,,,,,,,,,,,,,,,,,,,,,,,,,,,,,,,,,,,,,,,,,,,,,,,,OBJECTID (pending),,,,,,,,,,,,,,,,,,FormationZone (pending),FormationZone (pending),,,,,,,TimeMeasured (pending),TimeDatum (pending),ImportID (pending),ImportID (pending),,,,,,,
SSMA_TimeStamp (pending),CoordinateNotes (yes),,StaticWater (TBD),,LocationId (pending),,DataQuality (pending),DataQuality (pending),,,,,,,,,,,SSMA_TimeStamp (pending),CoordinateNotes (pending),CoordinateNotes (pending),,CoordinateNotes (pending),CoordinateNotes (pending),CoordinateNotes (pending),,,,,,,,,,,,,,,,,,,,,,,,,,,,,,,,,,,,,,,,,,,,,,,,,,,,GlobalID (pending),,,,,,,,,,,,,,,,,,Status (pending),Status (pending),,,,,,,TimeDatum (pending),,,,,,,,,,
,Altitude (yes),,WaterNotes (no),,,,Ag (pending),OH (pending),,,,,,,,,,,,Altitude (pending),Altitude (pending),,Altitude (pending),Altitude (pending),Altitude (pending),,,,,,,,,,,,,,,,,,,,,,,,,,,,,,,,,,,,,,,,,,,,,,,,,,,,,,,,,,,,,,,,,,,,,,DataSource (pending),DataSource (pending),,,,,,,,,,,,,,,,,
,AltitudeAccuracy (yes),,Status (yes),,,,Al (pending),Mg_Total (pending),,,,,,,,,,,,AltitudeAccuracy (pending),AltitudeAccuracy (pending),,AltitudeAccuracy (pending),AltitudeAccuracy (pending),AltitudeAccuracy (pending),,,,,,,,,,,,,,,,,,,,,,,,,,,,,,,,,,,,,,,,,,,,,,,,,,,,,,,,,,,,,,,,,,,,,,Expr3 (pending),Expr3 (pending),,,,,,,,,,,,,,,,,
,AltitudeMethod (yes),,CurrentUse (yes),,,,As (pending),C14_corrected (pending),,,,,,,,,,,,AltitudeMethod (pending),AltitudeMethod (pending),,AltitudeMethod (pending),AltitudeMethod (pending),AltitudeMethod (pending),,,,,,,,,,,,,,,,,,,,,,,,,,,,,,,,,,,,,,,,,,,,,,,,,,,,,,,,,,,,,,,,,,,,,,Expr4 (pending),Expr4 (pending),,,,,,,,,,,,,,,,,
,AltDatum (N/A),,StatusUserNotes (TBD),,,,B (pending),H2r (pending),,,,,,,,,,,,AltDatum (pending),AltDatum (pending),,AltDatum (pending),AltDatum (pending),AltDatum (pending),,,,,,,,,,,,,,,,,,,,,,,,,,,,,,,,,,,,,,,,,,,,,,,,,,,,,,,,,,,,,,,,,,,,,,DateMeasured (pending),DateMeasured (pending),,,,,,,,,,,,,,,,,
,Latitude (N/A),,MonitoringStatus (no),,,,Ba (pending),F (pending),,,,,,,,,,,,Latitude (pending),Latitude (pending),,Latitude (pending),Latitude (pending),Latitude (pending),,,,,,,,,,,,,,,,,,,,,,,,,,,,,,,,,,,,,,,,,,,,,,,,,,,,,,,,,,,,,,,,,,,,,,TimeMeasured (pending),TimeMeasured (pending),,,,,,,,,,,,,,,,,
,Longitude (N/A),,OpenWellLoggerOK (yes),,,,Be (pending),CFC113_12 (pending),,,,,,,,,,,,Longitude (pending),Longitude (pending),,Longitude (pending),Longitude (pending),Longitude (pending),,,,,,,,,,,,,,,,,,,,,,,,,,,,,,,,,,,,,,,,,,,,,,,,,,,,,,,,,,,,,,,,,,,,,,TimeDatum (pending),TimeDatum (pending),,,,,,,,,,,,,,,,,
,LatLonDatum (N/A),,MonitorOK (no),,,,Br (pending),O18r (pending),,,,,,,,,,,,LatLonDatum (pending),LatLonDatum (pending),,LatLonDatum (pending),LatLonDatum (pending),LatLonDatum (pending),,,,,,,,,,,,,,,,,,,,,,,,,,,,,,,,,,,,,,,,,,,,,,,,,,,,,,,,,,,,,,,,,,,,,,DepthToWaterBGS (pending),DepthToWaterBGS (pending),,,,,,,,,,,,,,,,,
,CoordinateAccuracy (yes),,SampleOK (yes),,,,Ca (pending),TKN (pending),,,,,,,,,,,,CoordinateAccuracy (pending),CoordinateAccuracy (pending),,CoordinateAccuracy (pending),CoordinateAccuracy (pending),CoordinateAccuracy (pending),,,,,,,,,,,,,,,,,,,,,,,,,,,,,,,,,,,,,,,,,,,,,,,,,,,,,,,,,,,,,,,,,,,,,,LevelStatus (pending),LevelStatus (pending),,,,,,,,,,,,,,,,,
,CoordinateMethod (yes),,DataSource (no),,,,Cd (pending),Cr_Total (pending),,,,,,,,,,,,CoordinateMethod (pending),CoordinateMethod (pending),,CoordinateMethod (pending),CoordinateMethod (pending),CoordinateMethod (pending),,,,,,,,,,,,,,,,,,,,,,,,,,,,,,,,,,,,,,,,,,,,,,,,,,,,,,,,,,,,,,,,,,,,,,DataQuality (pending),DataQuality (pending),,,,,,,,,,,,,,,,,
,Township (no),,Notes (no),,,,Cl (pending),Mn_Total (pending),,,,,,,,,,,,Township (pending),Township (pending),,Township (pending),Township (pending),Township (pending),,,,,,,,,,,,,,,,,,,,,,,,,,,,,,,,,,,,,,,,,,,,,,,,,,,,,,,,,,,,,,,,,,,,,,MeasurementMethod (pending),MeasurementMethod (pending),,,,,,,,,,,,,,,,,
,TownshipDirection (no),,MonitorGroup (N/A),,,,Co (pending),PO4 (pending),,,,,,,,,,,,TownshipDirection (pending),TownshipDirection (pending),,TownshipDirection (pending),TownshipDirection (pending),TownshipDirection (pending),,,,,,,,,,,,,,,,,,,,,,,,,,,,,,,,,,,,,,,,,,,,,,,,,,,,,,,,,,,,,,,,,,,,,,Expr6 (pending),Expr8 (pending),,,,,,,,,,,,,,,,,
,Range (no),,WellPdf (yes),,,,CO3 (pending),CFC11 (pending),,,,,,,,,,,,Range (pending),Range (pending),,Range (pending),Range (pending),Range (pending),,,,,,,,,,,,,,,,,,,,,,,,,,,,,,,,,,,,,,,,,,,,,,,,,,,,,,,,,,,,,,,,,,,,,,MeasuringAgency (pending),MeasuringAgency (pending),,,,,,,,,,,,,,,,,
,RangeDirection (no),,MonitorStatusReason (no),,,,CONDLAB (pending),IONBAL (pending),,,,,,,,,,,,RangeDirection (pending),RangeDirection (pending),,RangeDirection (pending),RangeDirection (pending),RangeDirection (pending),,,,,,,,,,,,,,,,,,,,,,,,,,,,,,,,,,,,,,,,,,,,,,,,,,,,,,,,,,,,,,,,,,,,,,Expr5 (pending),Expr5 (pending),,,,,,,,,,,,,,,,,
,SectionQuarters (no),,HydrographInterp (N/A),,,,Cr (pending),C14 (pending),,,,,,,,,,,,SectionQuarters (pending),SectionQuarters (pending),,SectionQuarters (pending),SectionQuarters (pending),SectionQuarters (pending),,,,,,,,,,,,,,,,,,,,,,,,,,,,,,,,,,,,,,,,,,,,,,,,,,,,,,,,,,,,,,,,,,,,,,,Expr6 (pending),,,,,,,,,,,,,,,,,
,SPX (N/A),,PrimaryUseSite_USGS (),,,,Cu (pending),Si (pending),,,,,,,,,,,,SPX (pending),SPX (pending),,SPX (pending),SPX (pending),SPX (pending),,,,,,,,,,,,,,,,,,,,,,,,,,,,,,,,,,,,,,,,,,,,,,,,,,,,,,,,,,,,,,,,,,,,,,,Expr7 (pending),,,,,,,,,,,,,,,,,
,SPY (N/A),,PrimaryUseWater_USGS (),,,,F (pending),C13r (pending),,,,,,,,,,,,SPY (pending),SPY (pending),,SPY (pending),SPY (pending),SPY (pending),,,,,,,,,,,,,,,,,,,,,,,,,,,,,,,,,,,,,,,,,,,,,,,,,,,,,,,,,,,,,,,,,,,,,,,ScreenBottom (pending),,,,,,,,,,,,,,,,,
,QuadName (yes),,SSMA_TimeStamp (N/A),,,,Fe (pending),Mo (pending),,,,,,,,,,,,QuadName (pending),QuadName (pending),,QuadName (pending),QuadName (pending),QuadName (pending),,,,,,,,,,,,,,,,,,,,,,,,,,,,,,,,,,,,,,,,,,,,,,,,,,,,,,,,,,,,,,,,,,,,,,,ScreenTop (pending),,,,,,,,,,,,,,,,,
,County (yes),,WellID (pending),,,,HCO3 (pending),Ca (pending),,,,,,,,,,,,County (pending),County (pending),,County (pending),County (pending),County (pending),,,,,,,,,,,,,,,,,,,,,,,,,,,,,,,,,,,,,,,,,,,,,,,,,,,,,,,,,,,,,,,,,,,,,,,,,,,,,,,,,,,,,,,,
,State (yes),,,,,,Hg (pending),Ra226 (pending),,,,,,,,,,,,State (pending),State (pending),,State (pending),State (pending),State (pending),,,,,,,,,,,,,,,,,,,,,,,,,,,,,,,,,,,,,,,,,,,,,,,,,,,,,,,,,,,,,,,,,,,,,,,,,,,,,,,,,,,,,,,,
,LocationNotes (yes),,,,,,HRD (pending),CF (pending),,,,,,,,,,,,LocationNotes (pending),LocationNotes (pending),,LocationNotes (pending),LocationNotes (pending),LocationNotes (pending),,,,,,,,,,,,,,,,,,,,,,,,,,,,,,,,,,,,,,,,,,,,,,,,,,,,,,,,,,,,,,,,,,,,,,,,,,,,,,,,,,,,,,,,
,WLReportDeliver (no),,,,,,IONBAL (pending),Mn (pending),,,,,,,,,,,,WLReportDeliver (pending),WLReportDeliver (pending),,WLReportDeliver (pending),WLReportDeliver (pending),WLReportDeliver (pending),,,,,,,,,,,,,,,,,,,,,,,,,,,,,,,,,,,,,,,,,,,,,,,,,,,,,,,,,,,,,,,,,,,,,,,,,,,,,,,,,,,,,,,,
,ChemistryReportDeliver (no),,,,,,K (pending),NaPlusK (pending),,,,,,,,,,,,ChemistryReportDeliver (pending),ChemistryReportDeliver (pending),,ChemistryReportDeliver (pending),ChemistryReportDeliver (pending),ChemistryReportDeliver (pending),,,,,,,,,,,,,,,,,,,,,,,,,,,,,,,,,,,,,,,,,,,,,,,,,,,,,,,,,,,,,,,,,,,,,,,,,,,,,,,,,,,,,,,,
,WLReportNote (no),,,,,,Li (pending),AsIII (pending),,,,,,,,,,,,WLReportNote (pending),WLReportNote (pending),,WLReportNote (pending),WLReportNote (pending),WLReportNote (pending),,,,,,,,,,,,,,,,,,,,,,,,,,,,,,,,,,,,,,,,,,,,,,,,,,,,,,,,,,,,,,,,,,,,,,,,,,,,,,,,,,,,,,,,
,ChemistryReportNote (no),,,,,,Mg (pending),H2S (pending),,,,,,,,,,,,ChemistryReportNote (pending),ChemistryReportNote (pending),,ChemistryReportNote (pending),ChemistryReportNote (pending),ChemistryReportNote (pending),,,,,,,,,,,,,,,,,,,,,,,,,,,,,,,,,,,,,,,,,,,,,,,,,,,,,,,,,,,,,,,,,,,,,,,,,,,,,,,,,,,,,,,,
,X_NAD83_Zone12 (N/A),,,,,,Mn (pending),Cu (pending),,,,,,,,,,,,X_NAD83_Zone12 (pending),X_NAD83_Zone12 (pending),,X_NAD83_Zone12 (pending),X_NAD83_Zone12 (pending),X_NAD83_Zone12 (pending),,,,,,,,,,,,,,,,,,,,,,,,,,,,,,,,,,,,,,,,,,,,,,,,,,,,,,,,,,,,,,,,,,,,,,,,,,,,,,,,,,,,,,,,
,Y_NAD83_Zone12 (N/A),,,,,,Mo (pending),Ca_Total (pending),,,,,,,,,,,,Y_NAD83_Zone12 (pending),Y_NAD83_Zone12 (pending),,Y_NAD83_Zone12 (pending),Y_NAD83_Zone12 (pending),Y_NAD83_Zone12 (pending),,,,,,,,,,,,,,,,,,,,,,,,,,,,,,,,,,,,,,,,,,,,,,,,,,,,,,,,,,,,,,,,,,,,,,,,,,,,,,,,,,,,,,,,
,projectname (N/A),,,,,,Na (pending),DO (pending),,,,,,,,,,,,projectname (pending),projectname (pending),,projectname (pending),projectname (pending),projectname (pending),,,,,,,,,,,,,,,,,,,,,,,,,,,,,,,,,,,,,,,,,,,,,,,,,,,,,,,,,,,,,,,,,,,,,,,,,,,,,,,,,,,,,,,,
,USGSProjectID (no),,,,,,Ni (pending),Sn_Total (pending),,,,,,,,,,,,USGSProjectID (pending),USGSProjectID (pending),,USGSProjectID (pending),USGSProjectID (pending),USGSProjectID (pending),,,,,,,,,,,,,,,,,,,,,,,,,,,,,,,,,,,,,,,,,,,,,,,,,,,,,,,,,,,,,,,,,,,,,,,,,,,,,,,,,,,,,,,,
,ObjectID (N/A),,,,,,NO2 (pending),TDS (pending),,,,,,,,,,,,ObjectID (pending),ObjectID (pending),,ObjectID (pending),ObjectID (pending),ObjectID (pending),,,,,,,,,,,,,,,,,,,,,,,,,,,,,,,,,,,,,,,,,,,,,,,,,,,,,,,,,,,,,,,,,,,,,,,,,,,,,,,,,,,,,,,,
,LatitudeDD (N/A),,,,,,NO3 (pending),CN6 (pending),,,,,,,,,,,,LatitudeDD (pending),LatitudeDD (pending),,LatitudeDD (pending),LatitudeDD (pending),LatitudeDD (pending),,,,,,,,,,,,,,,,,,,,,,,,,,,,,,,,,,,,,,,,,,,,,,,,,,,,,,,,,,,,,,,,,,,,,,,,,,,,,,,,,,,,,,,,
,LongitudeDD (N/A),,,,,,Pb (pending),Fe_Total (pending),,,,,,,,,,,,LongitudeDD (pending),LongitudeDD (pending),,LongitudeDD (pending),LongitudeDD (pending),LongitudeDD (pending),,,,,,,,,,,,,,,,,,,,,,,,,,,,,,,,,,,,,,,,,,,,,,,,,,,,,,,,,,,,,,,,,,,,,,,,,,,,,,,,,,,,,,,,
,SSMA_TimeStamp (N/A),,,,,,pHL (pending),U235 (pending),,,,,,,,,,,,SSMA_TimeStamp (pending),SSMA_TimeStamp (pending),,PublicRelease (pending),PublicRelease (pending),PublicRelease (pending),,,,,,,,,,,,,,,,,,,,,,,,,,,,,,,,,,,,,,,,,,,,,,,,,,,,,,,,,,,,,,,,,,,,,,,,,,,,,,,,,,,,,,,,
,PublicRelease (yes),,,,,,Po4 (pending),NO3 (pending),,,,,,,,,,,,PublicRelease (pending),PublicRelease (pending),,,,,,,,,,,,,,,,,,,,,,,,,,,,,,,,,,,,,,,,,,,,,,,,,,,,,,,,,,,,,,,,,,,,,,,,,,,,,,,,,,,,,,,,,,,,
,Geometry (yes),,,,,,Sb (pending),Br (pending),,,,,,,,,,,,Geometry (pending),Geometry (pending),,,,,,,,,,,,,,,,,,,,,,,,,,,,,,,,,,,,,,,,,,,,,,,,,,,,,,,,,,,,,,,,,,,,,,,,,,,,,,,,,,,,,,,,,,,,
,UTMZone (N/A),,,,,,Se (pending),U (pending),,,,,,,,,,,,,,,,,,,,,,,,,,,,,,,,,,,,,,,,,,,,,,,,,,,,,,,,,,,,,,,,,,,,,,,,,,,,,,,,,,,,,,,,,,,,,,,,,,,,,,,,,
,LocationId (pending),,,,,,Si (pending),NH4 (pending),,,,,,,,,,,,,,,,,,,,,,,,,,,,,,,,,,,,,,,,,,,,,,,,,,,,,,,,,,,,,,,,,,,,,,,,,,,,,,,,,,,,,,,,,,,,,,,,,,,,,,,,,
,,,,,,,SiO2 (pending),Sr_Total (pending),,,,,,,,,,,,,,,,,,,,,,,,,,,,,,,,,,,,,,,,,,,,,,,,,,,,,,,,,,,,,,,,,,,,,,,,,,,,,,,,,,,,,,,,,,,,,,,,,,,,,,,,,
,,,,,,,Sn (pending),Sr90 (pending),,,,,,,,,,,,,,,,,,,,,,,,,,,,,,,,,,,,,,,,,,,,,,,,,,,,,,,,,,,,,,,,,,,,,,,,,,,,,,,,,,,,,,,,,,,,,,,,,,,,,,,,,
,,,,,,,SO4 (pending),Cd_Total (pending),,,,,,,,,,,,,,,,,,,,,,,,,,,,,,,,,,,,,,,,,,,,,,,,,,,,,,,,,,,,,,,,,,,,,,,,,,,,,,,,,,,,,,,,,,,,,,,,,,,,,,,,,
,,,,,,,Sr (pending),Ni_Total (pending),,,,,,,,,,,,,,,,,,,,,,,,,,,,,,,,,,,,,,,,,,,,,,,,,,,,,,,,,,,,,,,,,,,,,,,,,,,,,,,,,,,,,,,,,,,,,,,,,,,,,,,,,
,,,,,,,TAn (pending),Sb_Total (pending),,,,,,,,,,,,,,,,,,,,,,,,,,,,,,,,,,,,,,,,,,,,,,,,,,,,,,,,,,,,,,,,,,,,,,,,,,,,,,,,,,,,,,,,,,,,,,,,,,,,,,,,,
,,,,,,,TCat (pending),Th (pending),,,,,,,,,,,,,,,,,,,,,,,,,,,,,,,,,,,,,,,,,,,,,,,,,,,,,,,,,,,,,,,,,,,,,,,,,,,,,,,,,,,,,,,,,,,,,,,,,,,,,,,,,
,,,,,,,TDS (pending),HRD (pending),,,,,,,,,,,,,,,,,,,,,,,,,,,,,,,,,,,,,,,,,,,,,,,,,,,,,,,,,,,,,,,,,,,,,,,,,,,,,,,,,,,,,,,,,,,,,,,,,,,,,,,,,
,,,,,,,Th (pending),Mo_Total (pending),,,,,,,,,,,,,,,,,,,,,,,,,,,,,,,,,,,,,,,,,,,,,,,,,,,,,,,,,,,,,,,,,,,,,,,,,,,,,,,,,,,,,,,,,,,,,,,,,,,,,,,,,
,,,,,,,Ti (pending),AsV (pending),,,,,,,,,,,,,,,,,,,,,,,,,,,,,,,,,,,,,,,,,,,,,,,,,,,,,,,,,,,,,,,,,,,,,,,,,,,,,,,,,,,,,,,,,,,,,,,,,,,,,,,,,
,,,,,,,Tl (pending),Sb (pending),,,,,,,,,,,,,,,,,,,,,,,,,,,,,,,,,,,,,,,,,,,,,,,,,,,,,,,,,,,,,,,,,,,,,,,,,,,,,,,,,,,,,,,,,,,,,,,,,,,,,,,,,
,,,,,,,U (pending),Al (pending),,,,,,,,,,,,,,,,,,,,,,,,,,,,,,,,,,,,,,,,,,,,,,,,,,,,,,,,,,,,,,,,,,,,,,,,,,,,,,,,,,,,,,,,,,,,,,,,,,,,,,,,,
,,,,,,,V (pending),CFC12 (pending),,,,,,,,,,,,,,,,,,,,,,,,,,,,,,,,,,,,,,,,,,,,,,,,,,,,,,,,,,,,,,,,,,,,,,,,,,,,,,,,,,,,,,,,,,,,,,,,,,,,,,,,,
,,,,,,,Zn (pending),Arsenic (pending),,,,,,,,,,,,,,,,,,,,,,,,,,,,,,,,,,,,,,,,,,,,,,,,,,,,,,,,,,,,,,,,,,,,,,,,,,,,,,,,,,,,,,,,,,,,,,,,,,,,,,,,,
,,,,,,,,SiO2 (pending),,,,,,,,,,,,,,,,,,,,,,,,,,,,,,,,,,,,,,,,,,,,,,,,,,,,,,,,,,,,,,,,,,,,,,,,,,,,,,,,,,,,,,,,,,,,,,,,,,,,,,,,,
,,,,,,,,Ag_Total (pending),,,,,,,,,,,,,,,,,,,,,,,,,,,,,,,,,,,,,,,,,,,,,,,,,,,,,,,,,,,,,,,,,,,,,,,,,,,,,,,,,,,,,,,,,,,,,,,,,,,,,,,,,
,,,,,,,,Hg (pending),,,,,,,,,,,,,,,,,,,,,,,,,,,,,,,,,,,,,,,,,,,,,,,,,,,,,,,,,,,,,,,,,,,,,,,,,,,,,,,,,,,,,,,,,,,,,,,,,,,,,,,,,
,,,,,,,,Se_Total (pending),,,,,,,,,,,,,,,,,,,,,,,,,,,,,,,,,,,,,,,,,,,,,,,,,,,,,,,,,,,,,,,,,,,,,,,,,,,,,,,,,,,,,,,,,,,,,,,,,,,,,,,,,
,,,,,,,,ORP (pending),,,,,,,,,,,,,,,,,,,,,,,,,,,,,,,,,,,,,,,,,,,,,,,,,,,,,,,,,,,,,,,,,,,,,,,,,,,,,,,,,,,,,,,,,,,,,,,,,,,,,,,,,
,,,,,,,,ALK (pending),,,,,,,,,,,,,,,,,,,,,,,,,,,,,,,,,,,,,,,,,,,,,,,,,,,,,,,,,,,,,,,,,,,,,,,,,,,,,,,,,,,,,,,,,,,,,,,,,,,,,,,,,
,,,,,,,,Zn_Total (pending),,,,,,,,,,,,,,,,,,,,,,,,,,,,,,,,,,,,,,,,,,,,,,,,,,,,,,,,,,,,,,,,,,,,,,,,,,,,,,,,,,,,,,,,,,,,,,,,,,,,,,,,,
,,,,,,,,TritiumHeliumAge (pending),,,,,,,,,,,,,,,,,,,,,,,,,,,,,,,,,,,,,,,,,,,,,,,,,,,,,,,,,,,,,,,,,,,,,,,,,,,,,,,,,,,,,,,,,,,,,,,,,,,,,,,,,
,,,,,,,,Ni (pending),,,,,,,,,,,,,,,,,,,,,,,,,,,,,,,,,,,,,,,,,,,,,,,,,,,,,,,,,,,,,,,,,,,,,,,,,,,,,,,,,,,,,,,,,,,,,,,,,,,,,,,,,
,,,,,,,,GA (pending),,,,,,,,,,,,,,,,,,,,,,,,,,,,,,,,,,,,,,,,,,,,,,,,,,,,,,,,,,,,,,,,,,,,,,,,,,,,,,,,,,,,,,,,,,,,,,,,,,,,,,,,,
,,,,,,,,C14_years (pending),,,,,,,,,,,,,,,,,,,,,,,,,,,,,,,,,,,,,,,,,,,,,,,,,,,,,,,,,,,,,,,,,,,,,,,,,,,,,,,,,,,,,,,,,,,,,,,,,,,,,,,,,
,,,,,,,,pHL (pending),,,,,,,,,,,,,,,,,,,,,,,,,,,,,,,,,,,,,,,,,,,,,,,,,,,,,,,,,,,,,,,,,,,,,,,,,,,,,,,,,,,,,,,,,,,,,,,,,,,,,,,,,
,,,,,,,,Sn (pending),,,,,,,,,,,,,,,,,,,,,,,,,,,,,,,,,,,,,,,,,,,,,,,,,,,,,,,,,,,,,,,,,,,,,,,,,,,,,,,,,,,,,,,,,,,,,,,,,,,,,,,,,
,,,,,,,,U238 (pending),,,,,,,,,,,,,,,,,,,,,,,,,,,,,,,,,,,,,,,,,,,,,,,,,,,,,,,,,,,,,,,,,,,,,,,,,,,,,,,,,,,,,,,,,,,,,,,,,,,,,,,,,
,,,,,,,,Zn (pending),,,,,,,,,,,,,,,,,,,,,,,,,,,,,,,,,,,,,,,,,,,,,,,,,,,,,,,,,,,,,,,,,,,,,,,,,,,,,,,,,,,,,,,,,,,,,,,,,,,,,,,,,
,,,,,,,,Sr87Sr86Ratio (pending),,,,,,,,,,,,,,,,,,,,,,,,,,,,,,,,,,,,,,,,,,,,,,,,,,,,,,,,,,,,,,,,,,,,,,,,,,,,,,,,,,,,,,,,,,,,,,,,,,,,,,,,,
,,,,,,,,Mg (pending),,,,,,,,,,,,,,,,,,,,,,,,,,,,,,,,,,,,,,,,,,,,,,,,,,,,,,,,,,,,,,,,,,,,,,,,,,,,,,,,,,,,,,,,,,,,,,,,,,,,,,,,,
,,,,,,,,NO3_N (pending),,,,,,,,,,,,,,,,,,,,,,,,,,,,,,,,,,,,,,,,,,,,,,,,,,,,,,,,,,,,,,,,,,,,,,,,,,,,,,,,,,,,,,,,,,,,,,,,,,,,,,,,,
,,,,,,,,TN (pending),,,,,,,,,,,,,,,,,,,,,,,,,,,,,,,,,,,,,,,,,,,,,,,,,,,,,,,,,,,,,,,,,,,,,,,,,,,,,,,,,,,,,,,,,,,,,,,,,,,,,,,,,
,,,,,,,,NO2 (pending),,,,,,,,,,,,,,,,,,,,,,,,,,,,,,,,,,,,,,,,,,,,,,,,,,,,,,,,,,,,,,,,,,,,,,,,,,,,,,,,,,,,,,,,,,,,,,,,,,,,,,,,,
,,,,,,,,Rn (pending),,,,,,,,,,,,,,,,,,,,,,,,,,,,,,,,,,,,,,,,,,,,,,,,,,,,,,,,,,,,,,,,,,,,,,,,,,,,,,,,,,,,,,,,,,,,,,,,,,,,,,,,,
,,,,,,,,d18O_SO4 (pending),,,,,,,,,,,,,,,,,,,,,,,,,,,,,,,,,,,,,,,,,,,,,,,,,,,,,,,,,,,,,,,,,,,,,,,,,,,,,,,,,,,,,,,,,,,,,,,,,,,,,,,,,
,,,,,,,,Tritium (pending),,,,,,,,,,,,,,,,,,,,,,,,,,,,,,,,,,,,,,,,,,,,,,,,,,,,,,,,,,,,,,,,,,,,,,,,,,,,,,,,,,,,,,,,,,,,,,,,,,,,,,,,,
,,,,,,,,Na (pending),,,,,,,,,,,,,,,,,,,,,,,,,,,,,,,,,,,,,,,,,,,,,,,,,,,,,,,,,,,,,,,,,,,,,,,,,,,,,,,,,,,,,,,,,,,,,,,,,,,,,,,,,
,,,,,,,,As_Total (pending),,,,,,,,,,,,,,,,,,,,,,,,,,,,,,,,,,,,,,,,,,,,,,,,,,,,,,,,,,,,,,,,,,,,,,,,,,,,,,,,,,,,,,,,,,,,,,,,,,,,,,,,,
,,,,,,,,B (pending),,,,,,,,,,,,,,,,,,,,,,,,,,,,,,,,,,,,,,,,,,,,,,,,,,,,,,,,,,,,,,,,,,,,,,,,,,,,,,,,,,,,,,,,,,,,,,,,,,,,,,,,,
,,,,,,,,CONDLAB (pending),,,,,,,,,,,,,,,,,,,,,,,,,,,,,,,,,,,,,,,,,,,,,,,,,,,,,,,,,,,,,,,,,,,,,,,,,,,,,,,,,,,,,,,,,,,,,,,,,,,,,,,,,
,,,,,,,,NO2_N (pending),,,,,,,,,,,,,,,,,,,,,,,,,,,,,,,,,,,,,,,,,,,,,,,,,,,,,,,,,,,,,,,,,,,,,,,,,,,,,,,,,,,,,,,,,,,,,,,,,,,,,,,,,
,,,,,,,,Sr (pending),,,,,,,,,,,,,,,,,,,,,,,,,,,,,,,,,,,,,,,,,,,,,,,,,,,,,,,,,,,,,,,,,,,,,,,,,,,,,,,,,,,,,,,,,,,,,,,,,,,,,,,,,
,,,,,,,,CFC113 (pending),,,,,,,,,,,,,,,,,,,,,,,,,,,,,,,,,,,,,,,,,,,,,,,,,,,,,,,,,,,,,,,,,,,,,,,,,,,,,,,,,,,,,,,,,,,,,,,,,,,,,,,,,
,,,,,,,,V_Total (pending),,,,,,,,,,,,,,,,,,,,,,,,,,,,,,,,,,,,,,,,,,,,,,,,,,,,,,,,,,,,,,,,,,,,,,,,,,,,,,,,,,,,,,,,,,,,,,,,,,,,,,,,,
,,,,,,,,TAn (pending),,,,,,,,,,,,,,,,,,,,,,,,,,,,,,,,,,,,,,,,,,,,,,,,,,,,,,,,,,,,,,,,,,,,,,,,,,,,,,,,,,,,,,,,,,,,,,,,,,,,,,,,,
,,,,,,,,V (pending),,,,,,,,,,,,,,,,,,,,,,,,,,,,,,,,,,,,,,,,,,,,,,,,,,,,,,,,,,,,,,,,,,,,,,,,,,,,,,,,,,,,,,,,,,,,,,,,,,,,,,,,,
,,,,,,,,U233 (pending),,,,,,,,,,,,,,,,,,,,,,,,,,,,,,,,,,,,,,,,,,,,,,,,,,,,,,,,,,,,,,,,,,,,,,,,,,,,,,,,,,,,,,,,,,,,,,,,,,,,,,,,,
,,,,,,,,pHf (pending),,,,,,,,,,,,,,,,,,,,,,,,,,,,,,,,,,,,,,,,,,,,,,,,,,,,,,,,,,,,,,,,,,,,,,,,,,,,,,,,,,,,,,,,,,,,,,,,,,,,,,,,,
,,,,,,,,SO4 (pending),,,,,,,,,,,,,,,,,,,,,,,,,,,,,,,,,,,,,,,,,,,,,,,,,,,,,,,,,,,,,,,,,,,,,,,,,,,,,,,,,,,,,,,,,,,,,,,,,,,,,,,,,
